Metric,Value
L2 Error,0.0019726481751664417
L2 Relative Error,0.07826837029718033
H2 Error,0.1416982844323668
H2 Relative Error,0.2761429517886657
