Metric,Value
L2 Error,0.00311132568279326
L2 Relative Error,0.12344745186781393
H2 Error,0.08723240948596903
H2 Relative Error,0.16999934151348667
