Metric,Value
L2 Error,0.0020546251140198136
L2 Relative Error,0.08152095303685901
H2 Error,0.187443109199948
H2 Relative Error,0.3652908973052856
